{"client_meta":{"background_color":{"r":0.9607843160629272,"g":0.9607843160629272,"b":0.9607843160629272,"a":1},"thumbnail_size":{"width":400,"height":294},"render_coordinates":{"x":-1974,"y":-1451,"width":3946,"height":2901}},"file_name":"ux-task","developer_related_links":[]}